INSERT INTO T_HERS_ERMANFILEHIS_H (FVID, FBRED, FBREDT, FBSED, FBRLED, FBRLEDT, FBSLED, FCEID, FCEDT, FLMEID, FLMEDT, FEEID, FEEDT, FLEEID, FLEEDT, FDEID, FDEDT, FLDEID, FLDEDT, FDATASTATUS, FISLASTVERSION, FISNEWBO) VALUES ('#FPERSONID', NULL, 0, NULL, NULL, 0, NULL, '#FPERSONID', '2020-06-30 13:59:52', 0, NULL, '#FPERSONID', '2020-06-30 13:59:52', 0, NULL, 0, NULL, 0, NULL, ' ', '1', '1');
INSERT INTO T_HERS_ERMANFILE (FID, FPERSONID, FEMPLOYEEID, FDEPEMPID, FCMPEMPID, FEMPPOSRELID, FORGID, FSTARTDATE, FENDDATE, FSYSENDDATE, FAFFILIATEADMINORGID, FEMPGROUPID, FISMANAGED, FDEPENDENCYID, FDEPENDENCYTYPEID, FFILETYPEID, FSTATUS, FISSYSTEM, FCREATORID, FCREATETIME, FMODIFIERID, FMODIFYTIME, FVID, FISSINGLE) VALUES ('#FPERSONID', '#FPERSONID', '#FPERSONID', '#FPERSONID', '#FPERSONID', '#FPERSONID', '#FHRBUID', '2020-06-01 00:00:00', '2199-12-31 00:00:00', '2199-12-31 00:00:00', '#FAADMINORGID', 1010, '0', 1000001, 1010, 1010, '1', '0', 1, '2020-06-30 13:59:52', 1, '2020-06-30 13:59:52', '#FPERSONID', '0');
INSERT INTO T_HERS_ERMANFILEHIS (FVID, FID, FCREATORID, FCREATETIME, FMODIFIERID, FMODIFYTIME, FPERSONID, FEMPPOSRELID, FEMPLOYEEID, FDEPEMPID, FCMPEMPID, FORGID, FSTARTDATE, FENDDATE, FSYSENDDATE, FAFFILIATEADMINORGID, FEMPGROUPID, FISMANAGED, FDEPENDENCYID, FDEPENDENCYTYPEID, FFILETYPEID, FSTATUS, FISSYSTEM, FISSINGLE, FDATASTATUS, FBSED, FBSLED) VALUES ('#FPERSONID', '#FPERSONID', 1, '2020-06-30 13:59:52', 1, '2020-06-30 13:59:52', '#FPERSONID', '#FPERSONID', '#FPERSONID', '#FPERSONID', '#FPERSONID', '#FHRBUID', '2020-06-01 00:00:00', '2199-12-31 00:00:00', '2199-12-31 00:00:00', '#FAADMINORGID', 1010, '0', 1000001, 1010, 1010, '1', '0', '0', '1', '2020-06-30 13:59:52', NULL);
INSERT INTO T_HRPI_EMPENTREL (FID, FCREATORID, FCREATETIME, FMODIFIERID, FMODIFYTIME, FENTERPRISEID, FSTARTDATE, FENDDATE, FSYSENDDATE, FLABORRELTYPEID, FLABORRELSTATUSID, FPROBATION, FPROBATIONUNIT, FPREREGULARDATE, FREGULARDATE, FSERVICELENGTH, FADJUSTLENGTH, FEMPLOYEEID, FPERSONID, FEMPNUMBER, FONBOARDSOURCEID, FBUSINESSSTATUS, FISSINGLE, FVID, FISPROBATION, FPREEMPLOYEEID, FLASTWORKDATE) VALUES ('#FPERSONID', 1, '2020-06-30 13:59:49', 1, '2020-06-30 13:59:49', 100000, '2020-06-01 00:00:00', '2199-12-31 00:00:00', NULL, 101010, 10102010, 6, '1', '2020-12-01 00:00:00', NULL, 0, 0, '#FPERSONID', '#FPERSONID', '#FEMPNUMBER', 0, '1', '0', '#FPERSONID', '1', 0, NULL);
INSERT INTO T_HRPI_EMPENTRELHIS (FVID, FID, FCREATORID, FCREATETIME, FMODIFIERID, FMODIFYTIME, FENTERPRISEID, FSTARTDATE, FENDDATE, FSYSENDDATE, FLABORRELTYPEID, FLABORRELSTATUSID, FPROBATION, FPROBATIONUNIT, FPREREGULARDATE, FREGULARDATE, FSERVICELENGTH, FADJUSTLENGTH, FEMPLOYEEID, FPERSONID, FBUSINESSSTATUS, FEMPNUMBER, FONBOARDSOURCEID, FISSINGLE, FISPROBATION, FPREEMPLOYEEID, FLASTWORKDATE, FDATASTATUS, FBSED, FBSLED) VALUES ('#FPERSONID', '#FPERSONID', 1, '2020-06-30 13:59:49', 1, '2020-06-30 13:59:49', 100000, '2020-06-01 00:00:00', '2199-12-31 00:00:00', NULL, 101010, 10102010, 6, '1', '2020-12-01 00:00:00', NULL, 0, 0, '#FPERSONID', '#FPERSONID', '1', '#FEMPNUMBER', 0, '0', '1', 0, NULL, '1', '2020-06-30 13:59:49', NULL);
INSERT INTO T_HRPI_PERCRE (FID, FCREATORID, FCREATETIME, FMODIFIERID, FMODIFYTIME, FPERSONID, FCREDENTIALSTYPEID, FNUMBER, FISSUEDATE, FEXPIRATIONDATE, FCOUNTRYCODEID, FISMAJOR, FVID, FISSINGLE, FISIDENTITY, FISNOFIXEDTERM, FGENDER, FBIRTHPLACE, FREGIONID, FPERCARDNAME) VALUES ('#FPERSONID', 1, '2020-06-30 13:59:49', 1, '2020-06-30 13:59:49', '#FPERSONID', 1020, '#FCERTIFICATENUMBER', NULL, NULL, 0, '1', '#FPERSONID', '0', '0', '0', ' ', ' ', ' ', '#FNAME');
INSERT INTO T_HRPI_PERCREHIS_L (FPKID, FVID, FLOCALEID, FPERCARDNAME) VALUES ('#FLANGID1', '#FPERSONID', 'zh_TW', '#FNAME');
INSERT INTO T_HRPI_PERCREHIS_L (FPKID, FVID, FLOCALEID, FPERCARDNAME) VALUES ('#FLANGID2', '#FPERSONID', 'zh_CN', '#FNAME');
INSERT INTO T_HRPI_PERCREHIS (FVID, FID, FCREATORID, FCREATETIME, FMODIFIERID, FMODIFYTIME, FPERSONID, FCREDENTIALSTYPEID, FNUMBER, FISSUEDATE, FEXPIRATIONDATE, FCOUNTRYCODEID, FISMAJOR, FISSINGLE, FISIDENTITY, FISNOFIXEDTERM, FGENDER, FBIRTHPLACE, FDATASTATUS, FBSED, FBSLED) VALUES ('#FPERSONID', '#FPERSONID', 1, '2020-06-30 13:59:49', 1, '2020-06-30 13:59:49', '#FPERSONID', 1020, '#FCERTIFICATENUMBER', NULL, NULL, 0, '1', '0', '0', '0', ' ', ' ', '1', '2020-06-30 13:59:49', NULL);
INSERT INTO T_HRPI_PERREGION (FID, FCREATORID, FCREATETIME, FMODIFIERID, FMODIFYTIME, FPERSONID, FREGRESIDENCENATUREID, FPOLITICALSTATUSID, FPARTYID, FJOINPARTYDATE, FRELIGIONID, FVID) VALUES ('#FPERSONID', 1, '2020-06-30 13:59:49', 1, '2020-06-30 13:59:49', '#FPERSONID', 0, 0, 0, NULL, 0, '#FPERSONID');
INSERT INTO T_HRPI_PERREGIONHIS (FVID, FID, FCREATORID, FCREATETIME, FMODIFIERID, FMODIFYTIME, FPERSONID, FREGRESIDENCENATUREID, FPOLITICALSTATUSID, FPARTYID, FJOINPARTYDATE, FRELIGIONID, FREGRESIDENCE, FDATASTATUS, FBSED, FBSLED) VALUES ('#FPERSONID', '#FPERSONID', 1, '2020-06-30 13:59:49', 1, '2020-06-30 13:59:49', '#FPERSONID', 0, 0, 0, NULL, 0, ' ', '1', '2020-06-30 13:59:49', NULL);
INSERT INTO T_HRPI_EMPORGRELALL (FID, FCREATORID, FCREATETIME, FMODIFIERID, FMODIFYTIME, FSTARTDATE, FENDDATE, FSYSENDDATE, FSERVICELENGTH, FISPRIMARY, FISEXISTPROBATION, FDEPEMPID, FPERSONID, FBUSINESSSTATUS, FISSINGLE, FISINSYSTEM, FSTARTPROBATION, FENDPROBATION, FVID, FEMPLOYEEID, FWORKPLACEID, FLASTWORKDATE, FDESCRIPTION, FADMINORG, FPOSITION, FJOB, FCOMPANY, FPOSTYPE, FVARIATIONTYPE, FENDVARIATIONTYPE, FVARIATIONREASON) VALUES ('#FPERSONID', 1, '2020-06-30 13:59:50', 1, '2020-06-30 13:59:50', '2020-06-01 00:00:00', '2199-12-31 00:00:00', '2199-12-31 00:00:00', 0, '1', '0', '#FPERSONID', '#FPERSONID', '1', '0', '1', NULL, NULL, '#FPERSONID', '#FPERSONID', 1, NULL, ' ', '222222', '2222222', ' ', '222222', '全职任职', '入职', ' ', '雇员人员入职');
INSERT INTO T_HRPI_EMPORGRELALLHIS_L (FPKID, FVID, FLOCALEID, FDESCRIPTION, FADMINORG, FPOSITION, FJOB, FCOMPANY, FPOSTYPE, FVARIATIONTYPE, FENDVARIATIONTYPE, FVARIATIONREASON) VALUES ('#FLANGID1', '#FPERSONID', 'zh_CN', ' ', '222222', '2222222', ' ', '222222', '全职任职', '入职', ' ', '雇员人员入职');
INSERT INTO T_HRPI_EMPORGRELALLHIS_L (FPKID, FVID, FLOCALEID, FDESCRIPTION, FADMINORG, FPOSITION, FJOB, FCOMPANY, FPOSTYPE, FVARIATIONTYPE, FENDVARIATIONTYPE, FVARIATIONREASON) VALUES ('#FLANGID2', '#FPERSONID', 'zh_TW', ' ', '222222', '2222222', ' ', '222222', '全職任職', '入職', ' ', '雇員人員入職');
INSERT INTO T_HRPI_EMPORGRELALLHIS (FVID, FID, FCREATORID, FCREATETIME, FMODIFIERID, FMODIFYTIME, FSTARTDATE, FENDDATE, FSYSENDDATE, FSERVICELENGTH, FISPRIMARY, FISEXISTPROBATION, FDEPEMPID, FPERSONID, FBUSINESSSTATUS, FISSINGLE, FISINSYSTEM, FSTARTPROBATION, FENDPROBATION, FEMPLOYEEID, FWORKPLACEID, FLASTWORKDATE, FDATASTATUS, FBSED, FBSLED, FDESCRIPTION, FADMINORG, FPOSITION, FJOB, FCOMPANY, FPOSTYPE, FVARIATIONTYPE, FENDVARIATIONTYPE, FVARIATIONREASON, FENDVARIATIONREASON) VALUES ('#FPERSONID', '#FPERSONID', 1, '2020-06-30 13:59:50', 1, '2020-06-30 13:59:50', '2020-06-01 00:00:00', '2199-12-31 00:00:00', '2199-12-31 00:00:00', 0, '1', '0', '#FPERSONID', '#FPERSONID', '1', '0', '1', NULL, NULL, '#FPERSONID', 1, NULL, '1', '2020-06-30 13:59:49', NULL, ' ', '222222', '2222222', ' ', '222222', '全职任职', '入职', ' ', '雇员人员入职', ' ');
INSERT INTO T_HRPI_PERTSPROP (FTSPROPID, FID, FCREATORID, FCREATETIME, FMODIFIERID, FMODIFYTIME, FPROCREATSTATUSID, FMARRIAGESTATUSID, FHEALTHSTATUSID, FVID) VALUES ('#FPERSONID', '#FPERSONID', 1, '2020-06-30 13:59:49', 1, '2020-06-30 13:59:49', 1010, 1010, 1010, '#FPERSONID');
INSERT INTO T_HRPI_PERTSPROPHIS (FVID, FTSPROPID, FCREATORID, FCREATETIME, FMODIFIERID, FMODIFYTIME, FID, FPROCREATSTATUSID, FMARRIAGESTATUSID, FHEALTHSTATUSID, FDATASTATUS, FBSED, FBSLED) VALUES ('#FPERSONID', '#FPERSONID', 1, '2020-06-30 13:59:49', 1, '2020-06-30 13:59:49', '#FPERSONID', 1010, 1010, 1010, '1', '2020-06-30 13:59:49', NULL);
INSERT INTO T_HRPI_PERCONTACTHIS_L (FPKID, FVID, FLOCALEID, FHOMEADDRESS, FE1NAME, FE1RELATION, FE2NAME, FE2RELATION, FLIVEADDRESS) VALUES ('#FLANGID1', '#FPERSONID', 'zh_CN', ' ', ' ', ' ', ' ', ' ', '1');
INSERT INTO T_HRPI_PERCONTACTHIS (FVID, FID, FCREATORID, FCREATETIME, FMODIFIERID, FMODIFYTIME, FPERSONID, FPHONE, FOTHERPHONE, FPEREMAIL, FBUSEMAIL, FWORKPHONE, FTELEPHONE, FPOSTCODE, FLIVECITYID, FLIVEPROVICEID, FLIVECOUNTRYID, FLIVE, FHOME, FCOMMUID, FE1PHONE, FE2PHONE, FWECHAT, FQQ, FBLOG, FFACEBOOK, FWHATSAPP, FSKYPE, FLINKIN, FTWITTER, FGOOGLE, FYUNZHIJIA, FFAX, FE1RELATIONID, FE2RELATIONID, FDATASTATUS, FBSED, FBSLED) VALUES ('#FPERSONID', '#FPERSONID', 1, '2020-06-30 13:59:49', 1, '2020-06-30 13:59:49', '#FPERSONID', '#FMOBILE', ' ', ' ', ' ', ' ', ' ', ' ', 0, 0, 0, '1', ' ', ' ', ' ', ' ', ' ', ' ', ' ', ' ', ' ', ' ', ' ', ' ', ' ', ' ', ' ', 0, 0, '1', '2020-06-30 13:59:49', NULL);
INSERT INTO T_HRPI_PERCONTACT (FID, FCREATORID, FCREATETIME, FMODIFIERID, FMODIFYTIME, FPERSONID, FPHONE, FOTHERPHONE, FPEREMAIL, FBUSEMAIL, FWORKPHONE, FTELEPHONE, FPOSTCODE, FLIVECITYID, FLIVEPROVICEID, FLIVECOUNTRYID, FLIVE, FHOME, FCOMMUID, FE1PHONE, FE1RELATIONID, FE2PHONE, FE2RELATIONID, FWECHAT, FQQ, FBLOG, FFACEBOOK, FWHATSAPP, FSKYPE, FLINKIN, FTWITTER, FGOOGLE, FYUNZHIJIA, FFAX, FVID, FHOMEADDRESS, FE1NAME, FE2NAME, FLIVEADDRESS) VALUES ('#FPERSONID', 1, '2020-06-30 13:59:49', 1, '2020-06-30 13:59:49', '#FPERSONID', '#FMOBILE', ' ', ' ', ' ', ' ', ' ', ' ', 0, 0, 0, '1', ' ', ' ', ' ', 0, ' ', 0, ' ', ' ', ' ', ' ', ' ', ' ', ' ', ' ', ' ', ' ', ' ', '#FPERSONID', ' ', ' ', ' ', '1');
INSERT INTO T_HRPI_PERNONTSPROPHIS (FVID, FNONTSPROPID, FCREATORID, FCREATETIME, FMODIFIERID, FMODIFYTIME, FID, FHEIGHT, FBLOODTYPE, FBIRTHDAY, FFOLKID, FGENDER, FNAMEEN, FNATIVENAMEN, FBEGINSERVICEDATE, FCONSTELLATIONID, FSYMBOLICANIMALSID, FLUNARCALENDARBIRTHDAY, FHEADSCULPTURE, FDEATHDATE, FAGE, FSERVICELEN, FENTSERVICELEN, FNATIONALITYID, FENNAME, FJULIANBIRTHDAY, FBIRTHDAYTYPE, FDATASTATUS, FBSED, FBSLED) VALUES ('#FPERSONID', '#FPERSONID', 1, '2020-06-30 13:59:49', 1, '2020-06-30 13:59:49', '#FPERSONID', 0, ' ', '1991-08-10 00:00:00', 1010, '2', ' ', ' ', NULL, 1050, 1080, NULL, '/images/pc/emotion/default_person_82_82.png', NULL, 28, 0, 0, 1020, ' ', NULL, ' ', '1', '2020-06-30 13:59:49', NULL);
INSERT INTO T_HRPI_PERNONTSPROP (FNONTSPROPID, FID, FCREATORID, FCREATETIME, FMODIFIERID, FMODIFYTIME, FHEIGHT, FBLOODTYPE, FBIRTHDAY, FFOLKID, FGENDER, FNAMEEN, FNATIVENAMEN, FBEGINSERVICEDATE, FNATIONALITYID, FCONSTELLATIONID, FSYMBOLICANIMALSID, FLUNARCALENDARBIRTHDAY, FHEADSCULPTURE, FDEATHDATE, FAGE, FSERVICELEN, FENTSERVICELEN, FVID, FENNAME, FJULIANBIRTHDAY, FBIRTHDAYTYPE) VALUES ('#FPERSONID', '#FPERSONID', 1, '2020-06-30 13:59:49', 1, '2020-06-30 13:59:49', 0, ' ', '1991-08-10 00:00:00', 1010, '2', ' ', ' ', NULL, 1020, 1050, 1080, NULL, '/images/pc/emotion/default_person_82_82.png', NULL, 28, 0, 0, 0, ' ', NULL, ' ');
INSERT INTO T_HRPI_EMPPOSORGREL (FID, FCREATORID, FCREATETIME, FMODIFIERID, FMODIFYTIME, FSTARTDATE, FENDDATE, FSYSENDDATE, FSERVICELENGTH, FCOMPANYID, FADMINORGID, FPOSITIONID, FJOBID, FISPRIMARY, FPOSTYPEID, FVARIATIONTYPEID, FENDVARIATIONTYPEID, FVARIATIONREASONID, FENDVARIATIONREASONID, FISEXISTPROBATION, FDEPEMPID, FPERSONID, FBUSINESSSTATUS, FISSINGLE, FISINSYSTEM, FVID, FEMPLOYEEID, FSTARTPROBATION, FENDPROBATION, FWORKPLACEID, FLASTWORKDATE, FDESCRIPTION, FNAME) VALUES ('#FPERSONID', 1, '2020-06-30 13:59:50', 1, '2020-06-30 13:59:50', '2020-06-01 00:00:00', '2199-12-31 00:00:00', '2199-12-31 00:00:00', 0, '#FAADMINORGID', '#FAADMINORGID', '#FAPOSITIONID', 0, '1', 1010, 1010, 0, 1010, 0, '0', '#FPERSONID', '#FPERSONID', '1', '0', '1', '#FPERSONID', '#FPERSONID', NULL, NULL, 1, NULL, ' ', '#FNAME');
INSERT INTO T_HRPI_EMPPOSORGRELHIS (FVID, FID, FCREATORID, FCREATETIME, FMODIFIERID, FMODIFYTIME, FSTARTDATE, FENDDATE, FSYSENDDATE, FSERVICELENGTH, FCOMPANYID, FADMINORGID, FPOSITIONID, FJOBID, FISPRIMARY, FPOSTYPEID, FVARIATIONTYPEID, FENDVARIATIONTYPEID, FVARIATIONREASONID, FENDVARIATIONREASONID, FEMPLOYEEID, FISEXISTPROBATION, FDEPEMPID, FPERSONID, FISSINGLE, FISINSYSTEM, FBUSINESSSTATUS, FWORKPLACEID, FSTARTPROBATION, FENDPROBATION, FLASTWORKDATE, FDATASTATUS, FBSED, FBSLED, FDESCRIPTION, FNAME) VALUES ('#FPERSONID', '#FPERSONID', 1, '2020-06-30 13:59:50', 1, '2020-06-30 13:59:50', '2020-06-01 00:00:00', '2199-12-31 00:00:00', '2199-12-31 00:00:00', 0, '#FAADMINORGID', '#FAADMINORGID', '#FAPOSITIONID', 0, '1', 1010, 1010, 0, 1010, 0, '#FPERSONID', '0', '#FPERSONID', '#FPERSONID', '0', '1', '1', 1, NULL, NULL, NULL, '1', '2020-06-30 13:59:50', NULL, ' ', ' ');
INSERT INTO T_HRPI_EMPLOYEEHIS (FVID, FID, FCREATORID, FCREATETIME, FMODIFIERID, FMODIFYTIME, FPERSONID, FENTERPRISEID, FSTARTDATE, FENDDATE, FSYSENDDATE, FEMPNUMBER, FLABORRELTYPEID, FBUSINESSSTATUS, FLASTWORKDATE, FDATASTATUS, FBSED, FBSLED, FDESCRIPTION) VALUES ('#FPERSONID', '#FPERSONID', 1, '2020-06-30 13:59:49', 1, '2020-06-30 13:59:49', '#FPERSONID', 100000, '2020-06-01 00:00:00', '2199-12-31 00:00:00', '2199-12-31 00:00:00', '#FEMPNUMBER', 101010, '1', NULL, '1', '2020-06-01 00:00:00', NULL, ' ');
INSERT INTO T_HRPI_EMPLOYEE (FID, FCREATORID, FCREATETIME, FMODIFIERID, FMODIFYTIME, FPERSONID, FENTERPRISEID, FSTARTDATE, FENDDATE, FSYSENDDATE, FEMPNUMBER, FLABORRELTYPEID, FBUSINESSSTATUS, FVID, FLASTWORKDATE, FDESCRIPTION) VALUES ('#FPERSONID', 1, '2020-06-30 13:59:49', 1, '2020-06-30 13:59:49', '#FPERSONID', 100000, '2020-06-01 00:00:00', '2199-12-31 00:00:00', '2199-12-31 00:00:00', '#FEMPNUMBER', 101010, '1', '#FPERSONID', NULL, ' ');
INSERT INTO T_HRPI_CMPEMPHIS (FVID, FID, FCREATORID, FCREATETIME, FMODIFIERID, FMODIFYTIME, FCOMPANYID, FSTARTDATE, FENDDATE, FSYSENDDATE, FEMPLOYEEID, FPERSONID, FBUSINESSSTATUS, FLASTWORKDATE, FDATASTATUS, FBSED, FBSLED, FDESCRIPTION) VALUES ('#FPERSONID', '#FPERSONID', 1, '2020-06-30 13:59:49', 1, '2020-06-30 13:59:49', '#FAADMINORGID', '2020-06-01 00:00:00', '2199-12-31 00:00:00', '2199-12-31 00:00:00', '#FPERSONID', '#FPERSONID', '1', NULL, '1', '2020-06-01 00:00:00', NULL, ' ');
INSERT INTO T_HRPI_CMPEMP (FID, FCREATORID, FCREATETIME, FMODIFIERID, FMODIFYTIME, FCOMPANYID, FSTARTDATE, FENDDATE, FSYSENDDATE, FEMPLOYEEID, FPERSONID, FBUSINESSSTATUS, FVID, FLASTWORKDATE, FDESCRIPTION) VALUES ('#FPERSONID', 1, '2020-06-30 13:59:49', 1, '2020-06-30 13:59:49', '#FAADMINORGID', '2020-06-01 00:00:00', '2199-12-31 00:00:00', '2199-12-31 00:00:00', '#FPERSONID', '#FPERSONID', '1', '#FPERSONID', NULL, ' ');
INSERT INTO T_HRPI_DEPEMPHIS (FVID, FID, FCREATORID, FCREATETIME, FMODIFIERID, FMODIFYTIME, FADMINORGID, FPOSITIONID, FSTARTDATE, FENDDATE, FSYSENDDATE, FCMPEMPID, FEMPLOYEEID, FPERSONID, FISPRIMARY, FPOSTYPEID, FBUSINESSSTATUS, FLASTWORKDATE, FDATASTATUS, FBSED, FBSLED, FDESCRIPTION) VALUES ('#FPERSONID', '#FPERSONID', 1, '2020-06-30 13:59:49', 1, '2020-06-30 13:59:49', '#FAADMINORGID', '#FAPOSITIONID', '2020-06-01 00:00:00', '2199-12-31 00:00:00', '2199-12-31 00:00:00', '#FPERSONID', '#FPERSONID', '#FPERSONID', '1', 1010, '1', NULL, '1', '2020-06-01 00:00:00', NULL, ' ');
INSERT INTO T_HRPI_DEPEMP (FID, FCREATORID, FCREATETIME, FMODIFIERID, FMODIFYTIME, FADMINORGID, FPOSITIONID, FSTARTDATE, FENDDATE, FSYSENDDATE, FCMPEMPID, FEMPLOYEEID, FPERSONID, FISPRIMARY, FPOSTYPEID, FBUSINESSSTATUS, FVID, FLASTWORKDATE, FDESCRIPTION) VALUES ('#FPERSONID', 1, '2020-06-30 13:59:49', 1, '2020-06-30 13:59:49', '#FAADMINORGID', '#FAPOSITIONID', '2020-06-01 00:00:00', '2199-12-31 00:00:00', '2199-12-31 00:00:00', '#FPERSONID', '#FPERSONID', '#FPERSONID', '1', 1010, '1', '#FPERSONID', NULL, ' ');
INSERT INTO T_HRPI_PERSONHIS (FVID, FID, FNUMBER, FCREATORID, FCREATETIME, FMODIFIERID, FMODIFYTIME, FINDEX, FISHRCREATE, FHEADSCULPTURE, FDATASTATUS, FBSED, FBSLED, FNAME, FDESCRIPTION) VALUES ('#FPERSONID', '#FPERSONID', '#FEMPNUMBER', 1, '2020-06-30 13:59:49', 1, '2020-06-30 13:59:49', 0, '0', '/images/pc/emotion/default_person_82_82.png', '1', '2020-06-01 00:00:00', NULL, '#FNAME', ' ');
INSERT INTO T_HRPI_PERSON_L (FPKID, FID, FLOCALEID, FNAME) VALUES ('#FLANGID1', '#FPERSONID', 'zh_TW', '#FNAME');
INSERT INTO T_HRPI_PERSON_L (FPKID, FID, FLOCALEID, FNAME) VALUES ('#FLANGID2', '#FPERSONID', 'zh_CN', '#FNAME');
INSERT INTO T_HRPI_PERSON (FID, FNUMBER, FCREATORID, FCREATETIME, FMODIFIERID, FMODIFYTIME, FINDEX, FISHRCREATE, FVID, FHEADSCULPTURE, FNAME) VALUES ('#FPERSONID', '#FEMPNUMBER', 1, '2020-06-30 13:59:49', 1, '2020-06-30 13:59:49', 0, '0', '#FPERSONID', '/images/pc/emotion/default_person_82_82.png', '#FNAME');
INSERT INTO T_HEO_ONBRDBILL (FID, FGENDER, FMOBILE, FAENTERPRISEID, FAADMINORGID, FENROLLSTATUSID, FEFFECTDATE, FAPOSITIONID, FCERTIFICATETYPE, FCERTIFICATENUMBER, FFINISHDATE, FPICTUREFIELD, FTRACKINGPERSONID, FBUSINESSPERSONID, FALABORRELTYPEID, FEMPNUMBER, FBILLNO, FBARCODE, FHASPROBATIONPERIOD, FPROBATIONTIME, FPERPROBATIONTIME, FREGULARDATA, FONBOARDSOURCEID, FRECRUITSOURCEID, FALABORRELSTATUSID, FONBRDTYPEID, FAUDITSTATUS, FWORKPLACEID, FORGID, FBILLRESOURCE, FBILLSTATUS, FACOMPANYID, FAPERSONID, FEMPGROUPID, FISSYNCCONTRATC, FAFFILIATEADMINORGID, FHRBUID) VALUES ('#FPERSONID', '2', '#FMOBILE', 100000, '#FAADMINORGID', '2', '2020-06-01 00:00:00', '#FAPOSITIONID', 1020, '#FCERTIFICATENUMBER', NULL, '/images/pc/emotion/default_person_82_82.png', 405874707150149651, 0, 101010, '#FEMPNUMBER', '#FBILLNO', '#FBARCODE', '1', 6, '1', '2020-12-01 00:00:00', 0, 0, 10102010, 1010, 'C', 1, '#FORGID', '1', 'A', '#FAADMINORGID', '#FPERSONID', 1010, '1', '#FAADMINORGID', '#FHRBUID');
INSERT INTO T_HEO_ONBRDBILL_L (FPKID, FID, FLOCALEID, FNAME) VALUES ('#FLANGID1', '#FPERSONID', 'zh_CN', '#FNAME');
INSERT INTO T_HEO_ONBRDBILL_L (FPKID, FID, FLOCALEID, FNAME) VALUES ('#FLANGID2', '#FPERSONID', 'zh_TW', '#FNAME');
INSERT INTO T_HEO_ONBRDBILL_A (FID, FFILLINDATE, FFILLINERID, FISEXISTSWORKFLOW, FISMULTIENTRY, FAUDITORID, FAUDITDATE, FINPUTDEVICETYPE, FAPPLIERID, FAPPLYDATE, FCREATORID, FCREATETIME, FMODIFIERID, FMODIFYTIME, FERMANFILEID, FERMANFILEVID, FDEPENDENCYID, FDEPENDENCYTYPEID, FSUBMITDATE) VALUES ('#FPERSONID', '2020-06-30 11:13:46', 0, '0', '0', 0, NULL, ' ', 405874707150149651, '2020-06-30 11:13:46', 1, '2020-06-30 11:13:46', 1, '2020-06-30 13:59:45', 0, 0, 1000001, 1010, NULL);
INSERT INTO T_HEO_CONTACT (FID, FCREATORID, FCREATETIME, FMODIFIERID, FMODIFYTIME, FPERSONID, FPHONE, FOTHERPHONE, FPEREMAIL, FWORKPHONE, FTELEPHONE, FPOSTCODE, FE1PHONE, FE1RELATION, FE2PHONE, FE2RELATION, FWECHAT, FQQ, FBLOG, FFACEBOOK, FWHATSAPP, FSKYPE, FLINKIN, FTWITTER, FGOOGLE, FYUNZHIJIA, FFAX, FLIVEID, FLIVEADDRESS) VALUES ('#FPERSONID', 1, NULL, 1, NULL, '#FPERSONID', '#FMOBILE', ' ', ' ', ' ', ' ', ' ', ' ', 0, ' ', 0, ' ', ' ', ' ', ' ', ' ', ' ', ' ', ' ', ' ', ' ', ' ', '1', '1');
INSERT INTO T_HEO_CONTACT_L (FPKID, FID, FLOCALEID, FHOMEADDRESS, FE1NAME, FE2NAME, FLIVEADDRESS, FDESCRIPTION, FCOMMUADDRESS) VALUES ('#FLANGID1', '#FPERSONID', 'zh_CN', ' ', ' ', ' ', '1', ' ', ' ');
INSERT INTO T_HEO_PERSONINFO (FID, FPERSONID, FCREATORID, FCREATETIME, FMODIFIERID, FMODIFYTIME, FHEIGHT, FBIRTHDAY, FFOLKID, FNAMEEN, FNATIVENAMEEN, FBEGINSERVICEDATE, FENGNAME, FHEADSCULPTURE, FDEATHDATE, FAGE, FPROCREATSTATUSID, FMARRIAGESTATUSID, FHEALTHSTATUSID, FCONSTELLATIONID, FZODIACID, FNATIONALITYID, FISWORKEXP, FBLOODTYPE, FGENDER, FDESCRIPTION, FFORMERNAME, FNATIVENAME, FTITLE, FNAME) VALUES ('#FPERSONID', '#FPERSONID', 1, NULL, 1, NULL, 0, '1991-08-10 00:00:00', 1010, ' ', ' ', NULL, ' ', '/images/pc/emotion/default_person_82_82.png', NULL, 28, 1010, 1010, 1010, 1050, 1080, 1020, '0', ' ', '2', ' ', ' ', ' ', ' ', '#FNAME');
INSERT INTO T_HEO_PERSONINFO_L (FPKID, FID, FLOCALEID, FDESCRIPTION, FFORMERNAME, FNATIVENAME, FTITLE, FNAME) VALUES ('#FLANGID1', '#FPERSONID', 'zh_CN', ' ', ' ', ' ', ' ', '#FNAME');
INSERT INTO T_HEO_PERSONINFO_L (FPKID, FID, FLOCALEID, FDESCRIPTION, FFORMERNAME, FNATIVENAME, FTITLE, FNAME) VALUES ('#FLANGID2', '#FPERSONID', 'zh_TW', ' ', ' ', ' ', ' ', '#FNAME');
INSERT INTO T_HEO_PERCRE (FID, FNUMBER, FCREATORID, FCREATETIME, FMODIFIERID, FMODIFYTIME, FCREDENTIALSTYPEID, FCODE, FISSUEDATE, FEXPIRATIONDATE, FCOUNTRYCODEID, FISMAJOR, FISSINGLE, FISIDENTITY, FPERSONID, FISPERMANENT, FREGIONID, FDESCRIPTION, FISSUINGAUTHORITY, FREGION, FCARDLOCATION, FCARDNAME) VALUES ('#FPERSONID', ' ', 1, NULL, 1, NULL, 1020, '#FCERTIFICATENUMBER', NULL, NULL, 0, '1', '0', '0', '#FPERSONID', '0', ' ', ' ', ' ', ' ', ' ', '#FNAME');
INSERT INTO T_HEO_PERCRE_L (FPKID, FID, FLOCALEID, FCARDNAME) VALUES ('#FLANGID1', '#FPERSONID', 'zh_CN', '#FNAME');
INSERT INTO T_HEO_PERCRE_L (FPKID, FID, FLOCALEID, FCARDNAME) VALUES ('#FLANGID2', '#FPERSONID', 'zh_TW', '#FNAME');
INSERT INTO T_HEO_ONBRDROLEREL (FENTRYID, FID, FROLEID, FSEQ) VALUES ('#FPERSONID', '#FPERSONID', '#FAPOSITIONID', 1);
INSERT INTO T_HEO_STDONBRDEVENT (FID, FCREATORID, FCREATETIME, FMODIFIERID, FMODIFYTIME, FSOURCEAPP, FSOURCEENTITY, FSOURCEBILLID, FSOURCEBILLENTRY, FEVENTCLS, FSTATUS, FSTRATEGYID) VALUES ('#FPERSONID', 1, '2020-06-30 13:59:46', 1, NULL, 'heo', 'heo_stdonbrdbill', '#FPERSONID', 0, 'A', '1', 1010);
INSERT INTO T_HLCS_CONTRACTSIGNBILL (FID, FBILLNO, FAPPLIERID, FAPPLYDATE, FORGID, FBARCODE, FAUDITSTATUS, FSIGNRULEID, FENTRYBILLID, FBATCHNO, FPERSONID, FEMPLOYEEID, FSTARTDATE, FENDDATE, FJOBID, FPOSITIONID, FCOMPANYID, FADMINORGID, FPREENTRYDATE, FISPROBATION, FPROBATIONPERIOD, FCREDENTIALSTYPEID, FCARDNUMBER, FPROBATIONSTARTDATE, FPROBATIONENDDATE, FPERSONNUMBER, FPERSONNAME, FPARTYAID, FPARTYUNITLEADERID, FLIMITTYPEID, FLIMIT, FISCONFIDENCE, FISINTELLECTUAL, FISPROTOCOL, FLABORRELTYPEID, FENTERPRISEID, FLABORRELSTATUSID, FSIGNMODE, FISENTRY, FCONTRACTSTATUS, FSIGNSTATUS, FISFULLTIME, FDESCRIPTION, FHEADSCULPTURE, FWORKPLACEID, FJOBLEVELID, FJOBGRADEID, FEMPGROUPID, FAFFILIATEADMINORGID, FHRBUID) VALUES ('#FPERSONID', '#FCONBILLNO', 405874707150149651, '2020-06-30 11:15:28', 100000, '#FCONBARCODE', 'A', 0, '#FPERSONID', ' ', '#FPERSONID', 0, '2020-06-01 00:00:00', NULL, 0, '#FAPOSITIONID', '#FAADMINORGID', '#FAADMINORGID', '2020-06-01 00:00:00', '1', 6, 1020, '#FCERTIFICATENUMBER', '2020-06-01 00:00:00', '2020-12-01 00:00:00', '#FEMPNUMBER', '#FNAME', 0, 0, 0, 0, '0', '0', '0', 101010, 100000, 10102010, ' ', '1', ' ', '0', '1', ' ', '/images/pc/emotion/default_person_82_82.png', 1, 0, 0, 1010, '#FAADMINORGID', '#FHRBUID');
INSERT INTO T_HLCS_CONTRACTSIGNBILL_B (FID, FCREATORID, FCREATETIME, FMODIFIERID, FMODIFYTIME, FBILLSTATUS, FAUDITORID, FAUDITDATE, FINPUTDEVICETYPE, FFILLINERID, FFILLINDATE, FISEXISTSWORKFLOW, FISMULTIENTRY, FADDRESS, FTELEPHONE, FPOSTCODE, FFAX, FPHONENUMBER, FEMAIL, FJOBADDRESS, FHOMEADDRESS, FHOMEPOSTCODE, FERMANFILEID, FERMANFILEVID, FPERPROBATIONTIME, FDEPENDENCYID, FDEPENDENCYTYPEID, FREMARK) VALUES ('#FPERSONID', 1, '2020-06-30 11:15:28', 1, '2020-06-30 13:59:56', 'A', 0, NULL, ' ', 405874707150149651, '2020-06-30 11:15:28', '0', '0', ' ', ' ', ' ', ' ', '#FMOBILE', ' ', ' ', '安徽_1', ' ', 0, 0, '1', 1000001, 1010, ' ');












